{
  "IcoMoonType": "selection",
  "icons": [
    {
      "icon": {
        "paths": [
          "M1024 940.752l-277.586-277.586c51.76-68.187 82.916-154.483 82.916-248.056 0-0.157 0-0.313 0-0.47 0-228.622-186.018-414.64-414.665-414.64s-414.665 186.018-414.665 414.665 186.018 414.665 414.665 414.665c0.132 0 0.289 0 0.446 0 93.573 0 179.869-31.156 249.080-83.661l276.562 278.331zM414.665 711.601c-163.994 0-296.937-132.943-296.937-296.937s132.943-296.937 296.937-296.937c163.994 0 296.937 132.943 296.937 296.937-0.192 163.917-133.020 296.745-296.919 296.937z"
        ],
        "isMulticolor": false,
        "isMulticolor2": false,
        "tags": [
          "search"
        ],
        "defaultCode": 59648,
        "grid": 0
      },
      "properties": {
        "id": 1,
        "order": 52,
        "ligatures": "",
        "prevSize": 32,
        "code": 59648,
        "name": "search"
      },
      "setIdx": 1,
      "setId": 11,
      "iconIdx": 0
    },
    {
      "icon": {
        "paths": [
          "M929.569 1023.998l-929.569-943.783 47.429-46.71 880.714 894.192 861.364-927.696 48.776 45.29-908.715 978.707z"
        ],
        "width": 1838,
        "isMulticolor": false,
        "isMulticolor2": false,
        "tags": [
          "down-arrow"
        ],
        "defaultCode": 59649,
        "grid": 0
      },
      "properties": {
        "id": 2,
        "order": 53,
        "ligatures": "",
        "prevSize": 32,
        "code": 59649,
        "name": "down-light"
      },
      "setIdx": 1,
      "setId": 11,
      "iconIdx": 1
    },
    {
      "icon": {
        "paths": [
          "M0 0h996.864v102.4h-996.864v-102.4zM0 460.8h996.864v102.4h-996.864v-102.4zM0 921.6h996.864v102.4h-996.864v-102.4z"
        ],
        "width": 997,
        "isMulticolor": false,
        "isMulticolor2": false,
        "tags": [
          "menu-icon"
        ],
        "defaultCode": 59650,
        "grid": 0
      },
      "properties": {
        "id": 3,
        "order": 54,
        "ligatures": "",
        "prevSize": 32,
        "code": 59650,
        "name": "menu-light"
      },
      "setIdx": 1,
      "setId": 11,
      "iconIdx": 2
    },
    {
      "icon": {
        "paths": [
          "M820 460c14 0 26 6 36 16s14 22 14 36c0 14-4 26-14 36-12 10-24 16-36 16 0 0-616 0-616 0-12 0-24-6-36-16-10-10-14-22-14-36s4-26 14-36c10-10 22-16 36-16 0 0 616 0 616 0zM204 358c-12 0-24-4-36-14-10-12-14-24-14-36 0-14 4-26 14-36s22-16 36-16c0 0 616 0 616 0 14 0 26 6 36 16s14 22 14 36c0 12-4 24-14 36-12 10-24 14-36 14 0 0-616 0-616 0zM820 666c14 0 26 4 36 14 10 12 14 24 14 36 0 14-4 26-14 36-12 10-24 16-36 16 0 0-616 0-616 0-12 0-24-6-36-16-10-10-14-22-14-36 0-12 4-24 14-36 10-10 22-14 36-14 0 0 616 0 616 0"
        ],
        "isMulticolor": false,
        "isMulticolor2": false,
        "tags": [
          "menu"
        ],
        "defaultCode": 59651,
        "grid": 0
      },
      "properties": {
        "id": 4,
        "order": 55,
        "ligatures": "",
        "prevSize": 32,
        "code": 59651,
        "name": "menu"
      },
      "setIdx": 1,
      "setId": 11,
      "iconIdx": 3
    },
    {
      "icon": {
        "paths": [
          "M1024.039 92.602l-92.646-92.602-419.396 419.396-419.396-419.396-92.602 92.602 419.396 419.396-419.396 419.396 92.602 92.602 419.396-419.396 419.396 419.396 92.646-92.602-419.439-419.396 419.439-419.396z"
        ],
        "isMulticolor": false,
        "isMulticolor2": false,
        "tags": [
          "close-thick"
        ],
        "defaultCode": 59652,
        "grid": 0
      },
      "properties": {
        "id": 5,
        "order": 56,
        "ligatures": "",
        "prevSize": 32,
        "code": 59652,
        "name": "close"
      },
      "setIdx": 1,
      "setId": 11,
      "iconIdx": 4
    },
    {
      "icon": {
        "paths": [
          "M26 0l998 1000-24 24-1000-998zM1000 0l24 26-998 998-26-24z"
        ],
        "isMulticolor": false,
        "isMulticolor2": false,
        "tags": [
          "close"
        ],
        "defaultCode": 59653,
        "grid": 0
      },
      "properties": {
        "id": 6,
        "order": 57,
        "ligatures": "",
        "prevSize": 32,
        "code": 59653,
        "name": "close-light"
      },
      "setIdx": 1,
      "setId": 11,
      "iconIdx": 5
    },
    {
      "icon": {
        "paths": [
          "M2047.69 0h-2047.621l1023.874 1024z"
        ],
        "width": 2048,
        "isMulticolor": false,
        "isMulticolor2": false,
        "tags": [
          "down-solid"
        ],
        "defaultCode": 59654,
        "grid": 0
      },
      "properties": {
        "id": 7,
        "order": 58,
        "ligatures": "",
        "prevSize": 32,
        "code": 59654,
        "name": "down-solid"
      },
      "setIdx": 1,
      "setId": 11,
      "iconIdx": 6
    },
    {
      "icon": {
        "paths": [
          "M757.492 1023.981l-757.492-951.71 90.803-72.271 665.102 835.643 636.434-828.022 92.002 70.723-726.85 945.636z"
        ],
        "width": 1484,
        "isMulticolor": false,
        "isMulticolor2": false,
        "tags": [
          "down-normal"
        ],
        "defaultCode": 59655,
        "grid": 0
      },
      "properties": {
        "id": 8,
        "order": 59,
        "ligatures": "",
        "prevSize": 32,
        "code": 59655,
        "name": "down"
      },
      "setIdx": 1,
      "setId": 11,
      "iconIdx": 7
    },
    {
      "icon": {
        "paths": [
          "M896 144c-34-26-82-18-108 18l-360 526-198-214c-30-34-78-34-110-4-30 32-32 84-2 116 0 0 240 268 274 294 36 28 84 20 108-18l414-604c24-36 16-88-18-114z"
        ],
        "isMulticolor": false,
        "isMulticolor2": false,
        "tags": [
          "checked"
        ],
        "defaultCode": 59656,
        "grid": 0
      },
      "properties": {
        "id": 9,
        "order": 60,
        "ligatures": "",
        "prevSize": 32,
        "code": 59656,
        "name": "checked"
      },
      "setIdx": 1,
      "setId": 11,
      "iconIdx": 8
    },
    {
      "icon": {
        "paths": [
          "M40.902 5.576l-40.902 40.922 305.528 471.245-305.528 471.245 35.007 35.007 55.339-11.809 494.464-494.444-517.742-517.742-26.166 5.576z"
        ],
        "width": 585,
        "isMulticolor": false,
        "isMulticolor2": false,
        "tags": [
          "right"
        ],
        "defaultCode": 59661,
        "grid": 0
      },
      "properties": {
        "id": 10,
        "order": 61,
        "ligatures": "",
        "prevSize": 32,
        "code": 59661,
        "name": "right"
      },
      "setIdx": 1,
      "setId": 11,
      "iconIdx": 9
    },
    {
      "icon": {
        "paths": [
          "M543.888 1018.419l40.922-40.902-305.547-471.265 305.547-471.245-35.007-35.007-55.339 11.809-494.464 494.444 517.742 517.742 26.146-5.576z"
        ],
        "width": 585,
        "isMulticolor": false,
        "isMulticolor2": false,
        "tags": [
          "left"
        ],
        "defaultCode": 59662,
        "grid": 0
      },
      "properties": {
        "id": 11,
        "order": 62,
        "ligatures": "",
        "prevSize": 32,
        "code": 59662,
        "name": "left"
      },
      "setIdx": 1,
      "setId": 11,
      "iconIdx": 10
    },
    {
      "icon": {
        "paths": [
          "M512 0c-282.77 0-512 229.23-512 512s229.23 512 512 512 512-229.23 512-512-229.23-512-512-512zM512 896c-212.078 0-384-171.922-384-384s171.922-384 384-384c212.078 0 384 171.922 384 384s-171.922 384-384 384zM320 512c0-106.039 85.961-192 192-192s192 85.961 192 192c0 106.039-85.961 192-192 192s-192-85.961-192-192z"
        ],
        "attrs": [],
        "isMulticolor": false,
        "isMulticolor2": false,
        "tags": [
          "radio-checked",
          "radio-button"
        ],
        "defaultCode": 59988,
        "grid": 16
      },
      "attrs": [],
      "properties": {
        "ligatures": "radio-checked, radio-button",
        "name": "radio-checked",
        "id": 340,
        "order": 36,
        "prevSize": 32,
        "code": 59988
      },
      "setIdx": 11,
      "setId": 0,
      "iconIdx": 340
    },
    {
      "icon": {
        "paths": [
          "M512 0c-282.77 0-512 229.23-512 512s229.23 512 512 512 512-229.23 512-512-229.23-512-512-512zM512 896c-212.078 0-384-171.922-384-384s171.922-384 384-384c212.078 0 384 171.922 384 384s-171.922 384-384 384z"
        ],
        "attrs": [],
        "isMulticolor": false,
        "isMulticolor2": false,
        "tags": [
          "radio-unchecked",
          "radio-button",
          "circle"
        ],
        "defaultCode": 59990,
        "grid": 16
      },
      "attrs": [],
      "properties": {
        "ligatures": "radio-unchecked, radio-button3",
        "name": "radio-unchecked",
        "id": 342,
        "order": 37,
        "prevSize": 32,
        "code": 59990
      },
      "setIdx": 11,
      "setId": 0,
      "iconIdx": 342
    }
  ],
  "height": 1024,
  "metadata": {
    "name": "form-icons"
  },
  "preferences": {
    "showGlyphs": true,
    "showCodes": true,
    "showQuickUse": true,
    "showQuickUse2": true,
    "showSVGs": true,
    "fontPref": {
      "prefix": "form-",
      "metadata": {
        "fontFamily": "form-icons",
        "description": "Font generated by IcoMoon.",
        "majorVersion": 1,
        "minorVersion": 0
      },
      "metrics": {
        "emSize": 1024,
        "baseline": 6.25,
        "whitespace": 0
      },
      "includeMetadata": true,
      "embed": false,
      "showSelector": false
    },
    "imagePref": {
      "prefix": "icon-",
      "png": true,
      "useClassSelector": true,
      "color": 0,
      "bgColor": 16777215,
      "classSelector": ".icon"
    },
    "historySize": 50,
    "gridSize": 16,
    "showGrid": false
  }
}